<?xml version="1.0" encoding="UTF-8"?>
<!DOCTYPE generatorConfiguration
PUBLIC "-//mybatis.org//DTD MyBatis Generator Configuration 1.0//EN"
"http://mybatis.org/dtd/mybatis-generator-config_1_0.dtd"> 
<generatorConfiguration>
<classPathEntry location="mysql-connector-java-5.1.17.jar"/> 
<context id="DB2Tables" targetRuntime="MyBatis3"> 
		<plugin type="org.mybatis.generator.plugins.myplugin.MysqlPaginationPlugin"></plugin>
		<plugin type="org.mybatis.generator.plugins.myplugin.MysqlSplitingTablePlugin"></plugin>
		<plugin type="org.mybatis.generator.plugins.myplugin.GroupByPlugin"></plugin>
	<commentGenerator> 
		<property name="suppressDate" value="true"/> 
		<property name="suppressAllComments" value="true"/> 
	</commentGenerator> 
<jdbcConnection driverClass="com.mysql.jdbc.Driver" connectionURL="jdbc:mysql://localhost:3306/test_data" userId="root" password="123456"> 
</jdbcConnection> 
<javaTypeResolver> 
	<property name="forceBigDecimals" value="false"/> 
</javaTypeResolver> 
<javaModelGenerator targetPackage="com.gexin.oms.core.model" targetProject="D:\src"> 
	<property name="enableSubPackages" value="true"/> 
	<property name="trimStrings" value="true"/> 
</javaModelGenerator> 
<sqlMapGenerator targetPackage="com.mapper" targetProject="D:\src"> 
	<property name="enableSubPackages" value="true"/> 
</sqlMapGenerator> 
<javaClientGenerator type="XMLMAPPER" targetPackage="com.gexin.oms.core.dao" targetProject="D:\src"> 
	<property name="enableSubPackages" value="true"/> 
</javaClientGenerator> 
<table tableName="history">
</table>
</context>
</generatorConfiguration>